physical_data_source,experimental_view,source_dataset_id,benchmark_or_record_id,telemetry_modality,model,seed,label_provenance,independence_status,split_strategy,balancing_or_threshold,train_rows,validation_rows,test_rows,test_has_both_classes,notes,accuracy,precision,recall,f1,auc_roc,true_negatives,false_positives,false_negatives,true_positives,confusion_matrix,training_time_seconds,inference_time_ms_per_sample
TraceRCA-main/rca_all_dataset.csv,TraceRCA CSV-wide evaluation,TraceRCA rca_all_dataset,TraceRCA,traces+latency+labels,XGBoost,42,explicit anomaly column,independent local raw CSV,stratified fallback because chronological test lacked both classes,SMOTEENN training-only,27999,6000,5999,1,large raw CSV sampled in a label-aware bounded manner for desktop-feasible evaluation,0.9971661943657276,0.9943652635067949,1.0,0.9971746717633372,0.9999878848505058,2982,17,0,3000,"[[TN=2982, FP=17], [FN=0, TP=3000]]",0.2075821000034921,0.0007788298020422195
TraceRCA-main/rca_all_dataset.csv,TraceRCA CSV-wide evaluation,TraceRCA rca_all_dataset,TraceRCA,traces+latency+labels,Autoencoder,42,explicit anomaly column,independent local raw CSV,stratified fallback because chronological test lacked both classes,validation p95 reconstruction threshold,27999,6000,5999,1,large raw CSV sampled in a label-aware bounded manner for desktop-feasible evaluation,0.8769794965827638,0.9323394495412844,0.813,0.8685897435897436,0.9670896965655219,2822,177,561,2439,"[[TN=2822, FP=177], [FN=561, TP=2439]]",2.090941100002965,0.00014975829329232977
TraceRCA-main/rca_all_dataset.csv,TraceRCA CSV-wide evaluation,TraceRCA rca_all_dataset,TraceRCA,traces+latency+labels,XGBoost,123,explicit anomaly column,independent local raw CSV,stratified fallback because chronological test lacked both classes,SMOTEENN training-only,27999,6000,5999,1,large raw CSV sampled in a label-aware bounded manner for desktop-feasible evaluation,0.997832972162027,0.9963443004320373,0.9993333333333333,0.9978365784656349,0.9999768811826165,2988,11,2,2998,"[[TN=2988, FP=11], [FN=2, TP=2998]]",0.16247710000607185,0.0011430071677859227
TraceRCA-main/rca_all_dataset.csv,TraceRCA CSV-wide evaluation,TraceRCA rca_all_dataset,TraceRCA,traces+latency+labels,Autoencoder,123,explicit anomaly column,independent local raw CSV,stratified fallback because chronological test lacked both classes,validation p95 reconstruction threshold,27999,6000,5999,1,large raw CSV sampled in a label-aware bounded manner for desktop-feasible evaluation,0.8651441906984497,0.9422688736374647,0.778,0.8522914004016797,0.9691579415360675,2856,143,666,2334,"[[TN=2856, FP=143], [FN=666, TP=2334]]",2.093468799983384,0.0001817302895030825
TraceRCA-main/rca_all_dataset.csv,TraceRCA CSV-wide evaluation,TraceRCA rca_all_dataset,TraceRCA,traces+latency+labels,XGBoost,2026,explicit anomaly column,independent local raw CSV,stratified fallback because chronological test lacked both classes,SMOTEENN training-only,27999,6000,5999,1,large raw CSV sampled in a label-aware bounded manner for desktop-feasible evaluation,0.9973328888148024,0.9950232249502322,0.9996666666666667,0.9973395410708347,0.9999443147715905,2984,15,1,2999,"[[TN=2984, FP=15], [FN=1, TP=2999]]",0.15005629998631775,0.0006995832639606491
TraceRCA-main/rca_all_dataset.csv,TraceRCA CSV-wide evaluation,TraceRCA rca_all_dataset,TraceRCA,traces+latency+labels,Autoencoder,2026,explicit anomaly column,independent local raw CSV,stratified fallback because chronological test lacked both classes,validation p95 reconstruction threshold,27999,6000,5999,1,large raw CSV sampled in a label-aware bounded manner for desktop-feasible evaluation,0.835639273212202,0.9405074365704287,0.7166666666666667,0.8134695421869088,0.9633380015560742,2863,136,850,2150,"[[TN=2863, FP=136], [FN=850, TP=2150]]",1.7784057999961078,0.00017646274361420987
Sock-Shop-Dataset-main/new-version metric CSVs,Sock Shop CSV-wide metrics evaluation,Sock Shop new-version,Sock Shop,metrics+injection_metadata,XGBoost,42,injection-time metadata from chaos-info CSV files,independent local metrics dataset; logs/traces not available in local CSVs,stratified fallback because chronological test lacked both classes,SMOTEENN training-only,69209,14832,14830,1,metrics-only evaluation; labels aligned from container/node chaos interval files,0.5076196898179366,0.16729387615463565,1.0,0.2866354044548652,0.738304078129638,6061,7302,0,1467,"[[TN=6061, FP=7302], [FN=0, TP=1467]]",0.3805190999992192,0.0009668981785171955
Sock-Shop-Dataset-main/new-version metric CSVs,Sock Shop CSV-wide metrics evaluation,Sock Shop new-version,Sock Shop,metrics+injection_metadata,Autoencoder,42,injection-time metadata from chaos-info CSV files,independent local metrics dataset; logs/traces not available in local CSVs,stratified fallback because chronological test lacked both classes,validation p95 reconstruction threshold,69209,14832,14830,1,metrics-only evaluation; labels aligned from container/node chaos interval files,0.8632501685772084,0.12449799196787148,0.06339468302658487,0.08401084010840108,0.4805618847756992,12709,654,1374,93,"[[TN=12709, FP=654], [FN=1374, TP=93]]",8.355741199979093,0.0001072151045078212
Sock-Shop-Dataset-main/new-version metric CSVs,Sock Shop CSV-wide metrics evaluation,Sock Shop new-version,Sock Shop,metrics+injection_metadata,XGBoost,123,injection-time metadata from chaos-info CSV files,independent local metrics dataset; logs/traces not available in local CSVs,stratified fallback because chronological test lacked both classes,SMOTEENN training-only,69209,14832,14830,1,metrics-only evaluation; labels aligned from container/node chaos interval files,0.5087660148347943,0.16761882998171845,1.0,0.2871122419023388,0.7480809187288344,6078,7285,0,1467,"[[TN=6078, FP=7285], [FN=0, TP=1467]]",0.37861779998638667,0.0009460620378318041
Sock-Shop-Dataset-main/new-version metric CSVs,Sock Shop CSV-wide metrics evaluation,Sock Shop new-version,Sock Shop,metrics+injection_metadata,Autoencoder,123,injection-time metadata from chaos-info CSV files,independent local metrics dataset; logs/traces not available in local CSVs,stratified fallback because chronological test lacked both classes,validation p95 reconstruction threshold,69209,14832,14830,1,metrics-only evaluation; labels aligned from container/node chaos interval files,0.8639919082939986,0.15452261306532664,0.08384458077709611,0.10870525850640743,0.49147329196627476,12690,673,1344,123,"[[TN=12690, FP=673], [FN=1344, TP=123]]",14.86122510000132,0.00014585974363739515
Sock-Shop-Dataset-main/new-version metric CSVs,Sock Shop CSV-wide metrics evaluation,Sock Shop new-version,Sock Shop,metrics+injection_metadata,XGBoost,2026,injection-time metadata from chaos-info CSV files,independent local metrics dataset; logs/traces not available in local CSVs,stratified fallback because chronological test lacked both classes,SMOTEENN training-only,69209,14832,14830,1,metrics-only evaluation; labels aligned from container/node chaos interval files,0.5093728927848955,0.16763931799977114,0.9986366734832992,0.28708602782676856,0.7401763948425387,6089,7274,2,1465,"[[TN=6089, FP=7274], [FN=2, TP=1465]]",0.39902780001284555,0.0009838300727280165
Sock-Shop-Dataset-main/new-version metric CSVs,Sock Shop CSV-wide metrics evaluation,Sock Shop new-version,Sock Shop,metrics+injection_metadata,Autoencoder,2026,injection-time metadata from chaos-info CSV files,independent local metrics dataset; logs/traces not available in local CSVs,stratified fallback because chronological test lacked both classes,validation p95 reconstruction threshold,69209,14832,14830,1,metrics-only evaluation; labels aligned from container/node chaos interval files,0.8644639244774106,0.12448132780082988,0.06134969325153374,0.0821917808219178,0.5057379743159405,12730,633,1377,90,"[[TN=12730, FP=633], [FN=1377, TP=90]]",15.129739500000142,0.0002169116667552838
train-ticket graph cache,TrainTicket graph-cache evaluation,TrainTicket graph cache,TrainTicket,derived graph-cache trace+log+metric tensors,XGBoost,42,graph-cache object label,derived graph cache; not CSV-wide main claim,chronological,SMOTEENN training-only,1819,391,390,1,kept separate from CSV-wide experiments; not counted as independent TraceRCA raw CSV,0.8461538461538461,0.996,0.8084415584415584,0.8924731182795699,0.9802819132087425,81,1,59,249,"[[TN=81, FP=1], [FN=59, TP=249]]",0.30738849999033846,0.004873846176987848
train-ticket graph cache,TrainTicket graph-cache evaluation,TrainTicket graph cache,TrainTicket,derived graph-cache trace+log+metric tensors,Autoencoder,42,graph-cache object label,derived graph cache; not CSV-wide main claim,chronological,validation p95 reconstruction threshold,1819,391,390,1,kept separate from CSV-wide experiments; not counted as independent TraceRCA raw CSV,0.4897435897435897,0.936,0.37987012987012986,0.5404157043879908,0.6567152359835285,74,8,191,117,"[[TN=74, FP=8], [FN=191, TP=117]]",0.09470760001568124,0.0015215384803760129
train-ticket graph cache,TrainTicket graph-cache evaluation,TrainTicket graph cache,TrainTicket,derived graph-cache trace+log+metric tensors,XGBoost,123,graph-cache object label,derived graph cache; not CSV-wide main claim,chronological,SMOTEENN training-only,1819,391,390,1,kept separate from CSV-wide experiments; not counted as independent TraceRCA raw CSV,0.8384615384615385,1.0,0.7954545454545454,0.8860759493670886,0.9859043395628762,82,0,63,245,"[[TN=82, FP=0], [FN=63, TP=245]]",0.4424023000174202,0.007626153782416039
train-ticket graph cache,TrainTicket graph-cache evaluation,TrainTicket graph cache,TrainTicket,derived graph-cache trace+log+metric tensors,Autoencoder,123,graph-cache object label,derived graph cache; not CSV-wide main claim,chronological,validation p95 reconstruction threshold,1819,391,390,1,kept separate from CSV-wide experiments; not counted as independent TraceRCA raw CSV,0.4128205128205128,0.9438202247191011,0.2727272727272727,0.42317380352644834,0.6517263224580297,77,5,224,84,"[[TN=77, FP=5], [FN=224, TP=84]]",0.12544299999717623,0.0034541025972710205
train-ticket graph cache,TrainTicket graph-cache evaluation,TrainTicket graph cache,TrainTicket,derived graph-cache trace+log+metric tensors,XGBoost,2026,graph-cache object label,derived graph cache; not CSV-wide main claim,chronological,SMOTEENN training-only,1819,391,390,1,kept separate from CSV-wide experiments; not counted as independent TraceRCA raw CSV,0.8512820512820513,0.996031746031746,0.814935064935065,0.8964285714285715,0.9796484003801077,81,1,57,251,"[[TN=81, FP=1], [FN=57, TP=251]]",0.3511815999809187,0.004434871833580427
train-ticket graph cache,TrainTicket graph-cache evaluation,TrainTicket graph cache,TrainTicket,derived graph-cache trace+log+metric tensors,Autoencoder,2026,graph-cache object label,derived graph cache; not CSV-wide main claim,chronological,validation p95 reconstruction threshold,1819,391,390,1,kept separate from CSV-wide experiments; not counted as independent TraceRCA raw CSV,0.4846153846153846,0.9349593495934959,0.37337662337662336,0.5336426914153132,0.6508156477668673,74,8,193,115,"[[TN=74, FP=8], [FN=193, TP=115]]",0.08380940000643022,0.0022548718007806786
